﻿{
  "configurations": [
    {
      "name": "x64-Debug",
      "generator": "Visual Studio 15 2017 Win64",
      "configurationType": "Debug",
      "inheritEnvironments": [
      ],
      "buildRoot": "C:\\Users\\isilay\\Desktop\\App2\\${name}",
      "installRoot": "${env.USERPROFILE}\\CMakeBuilds\\${workspaceHash}\\install\\${name}",
      "cmakeCommandArgs": "",
      "buildCommandArgs": "",
      "ctestCommandArgs": "",
      "variables": [
        {
          "name": "PLATFORM",
          "value": "x64"
        }
      ]
    },
    {
      "name": "x86-Debug",
      "generator": "Visual Studio 15 2017",
      "configurationType": "Debug",
      "inheritEnvironments": [
              ],
      "buildRoot": "C:\\Users\\isilay\\Desktop\\App2\\${name}",
      "installRoot": "${env.USERPROFILE}\\CMakeBuilds\\${workspaceHash}\\install\\${name}",
      "cmakeCommandArgs": "",
      "buildCommandArgs": "",
      "ctestCommandArgs": "",
      "variables": [
        {
          "name": "PLATFORM",
          "value": "x86"
        }
      ]
    },
    {
      "name": "x64-Release",
      "generator": "Visual Studio 15 2017 Win64",
      "configurationType": "Release",
      "inheritEnvironments": [
        
      ],
      "buildRoot": "C:\\Users\\isilay\\Desktop\\App2\\${name}",
      "installRoot": "${env.USERPROFILE}\\CMakeBuilds\\${workspaceHash}\\install\\${name}",
      "cmakeCommandArgs": "",
      "buildCommandArgs": "",
      "ctestCommandArgs": "",
      "variables": [
        {
          "name": "PLATFORM",
          "value": "x64"
        }
      ]
    },
    {
      "name": "x86-Release",
      "generator": "Visual Studio 15 2017",
      "configurationType": "Release",
      "inheritEnvironments": [

      ],
      "buildRoot": "C:\\Users\\isilay\\Desktop\\App2\\${name}",
      "installRoot": "${env.USERPROFILE}\\CMakeBuilds\\${workspaceHash}\\install\\${name}",
      "cmakeCommandArgs": "",
      "buildCommandArgs": "",
      "ctestCommandArgs": "",
      "variables": [
        {
          "name": "PLATFORM",
          "value": "x86"
        }
      ]
    }
  ]
}